<strings>
    <string id="AppName">Explorer</string>
    <string id="InternalVersion">1.0.0</string>
    <string id="AppVersionTitle">Application Version</string>
    <string id="BackgroundColorTitle">Background Color</string>
    <string id="BackgroundColorPrompt">Select Second Hand</string>
    <string id="SecHandEnableTitle">Second Hand On</string>
    <string id="White">White</string>
    <string id="Black">Black</string>
    <string id="BatteryWarningLevel">Battery Warning Level in %</string>
    <string id="ConnectionWarningOn">Phone Connection Warning</string>
    
    
    
</strings>
